id,1
email,user_1sample.com
pass,pass_1
name,user_1
bio,こんにちは。user_1です。趣味はサッカーです。
created_at,10 Nov 2021 02:36:57.157959000 UTC +00:00
updated_at,10 Nov 2021 02:36:57.157959000 UTC +00:00
*,*
id,2
email,user_2sample.com
pass,pass_2
name,user_2
bio,こんにちは。user_2です。趣味は野球です。
created_at,10 Nov 2021 02:36:57.162677000 UTC +00:00
updated_at,10 Nov 2021 02:36:57.162677000 UTC +00:00
*,*
id,3
email,user_3sample.com
pass,pass_3
name,user_3
bio,こんにちは。user_3です。趣味はバスケです。
created_at,10 Nov 2021 02:36:57.164857000 UTC +00:00
updated_at,10 Nov 2021 02:36:57.164857000 UTC +00:00
*,*
id,4
email,user_4sample.com
pass,pass_4
name,user_4
bio,こんにちは。user_4です。趣味は料理です。
created_at,10 Nov 2021 02:36:57.167315000 UTC +00:00
updated_at,10 Nov 2021 02:36:57.167315000 UTC +00:00
*,*
id,5
email,user_5sample.com
pass,pass_5
name,user_5
bio,こんにちは。user_5です。趣味は読書です。
created_at,10 Nov 2021 02:36:57.170335000 UTC +00:00
updated_at,10 Nov 2021 02:36:57.170335000 UTC +00:00
*,*
id,6
email,user_6sample.com
pass,pass_6
name,user_6
bio,こんにちは。user_6です。趣味はサッカーです。
created_at,10 Nov 2021 02:36:57.173494000 UTC +00:00
updated_at,10 Nov 2021 02:36:57.173494000 UTC +00:00
*,*
id,7
email,user_7sample.com
pass,pass_7
name,user_7
bio,こんにちは。user_7です。趣味は野球です。
created_at,10 Nov 2021 02:36:57.175779000 UTC +00:00
updated_at,10 Nov 2021 02:36:57.175779000 UTC +00:00
*,*
id,8
email,user_8sample.com
pass,pass_8
name,user_8
bio,こんにちは。user_8です。趣味はバスケです。
created_at,10 Nov 2021 02:36:57.178738000 UTC +00:00
updated_at,10 Nov 2021 02:36:57.178738000 UTC +00:00
*,*
id,9
email,user_9sample.com
pass,pass_9
name,user_9
bio,こんにちは。user_9です。趣味は料理です。
created_at,10 Nov 2021 02:36:57.180730000 UTC +00:00
updated_at,10 Nov 2021 02:36:57.180730000 UTC +00:00
*,*
id,10
email,user_10sample.com
pass,pass_10
name,user_10
bio,こんにちは。user_10です。趣味は読書です。
created_at,10 Nov 2021 02:36:57.183593000 UTC +00:00
updated_at,10 Nov 2021 02:36:57.183593000 UTC +00:00
*,*
